keyword,category
skin,nahk
epidermis,nahk
keratinocyte,nahk
dermis,nahk
cutaneous,nahk
wart,nahk
verruca,nahk
melanocyte,nahk
basal cell,nahk
squamous cell skin,nahk
actinic keratosis,nahk
cervix,anogenitaal
cervical,anogenitaal
vagina,anogenitaal
vaginal,anogenitaal
vulva,anogenitaal
vulvar,anogenitaal
penile,anogenitaal
penis,anogenitaal
anal,anogenitaal
anogenital,anogenitaal
perianal,anogenitaal
anus,anogenitaal
oral,suuoos
oropharynx,suuoos
oropharyngeal,suuoos
tonsil,suuoos
tonsillar,suuoos
mouth,suuoos
buccal,suuoos
tongue,suuoos
larynx,suuoos
laryngeal,suuoos
pharynx,suuoos
pharyngeal,suuoos
head and neck,suuoos
gingiva,suuoos
gingival,suuoos
palate,suuoos
palatine,suuoos
salivary,suuoos
saliva,suuoos
